{
  "images" : [
    {
      "resizing" : {
        "mode" : "9-part",
        "center" : {
          "mode" : "tile",
          "width" : 1,
          "height" : 1
        },
        "cap-insets" : {
          "bottom" : 4,
          "top" : 5,
          "right" : 4,
          "left" : 4
        }
      },
      "idiom" : "universal",
      "filename" : "bg-currentVouchers-spdashboard.png",
      "scale" : "1x"
    },
    {
      "resizing" : {
        "mode" : "9-part",
        "center" : {
          "mode" : "tile",
          "width" : 1,
          "height" : 1
        },
        "cap-insets" : {
          "bottom" : 9,
          "top" : 9,
          "right" : 9,
          "left" : 9
        }
      },
      "idiom" : "universal",
      "filename" : "bg-currentVouchers-spdashboard@2x.png",
      "scale" : "2x"
    },
    {
      "resizing" : {
        "mode" : "9-part",
        "center" : {
          "mode" : "tile",
          "width" : 1,
          "height" : 1
        },
        "cap-insets" : {
          "bottom" : 13,
          "top" : 14,
          "right" : 13,
          "left" : 13
        }
      },
      "idiom" : "universal",
      "filename" : "bg-currentVouchers-spdashboard@3x.png",
      "scale" : "3x"
    }
  ],
  "info" : {
    "version" : 1,
    "author" : "xcode"
  }
}